id,externalId
638846eaa4cc292e2f467718,SPACE_213272722314011
63a961cca4cc292e2f491f66,SPACE_213272722392271
63a961cca4cc292e2f491f67,SPACE_213272722392281
63a961cca4cc292e2f491f68,SPACE_213272722392291
63a961cca4cc292e2f491f69,SPACE_213272722396871
63b11498a4cc292e2f49a597,SPACE_213272722392031
63b11498a4cc292e2f49a598,SPACE_213272722392061
63b11498a4cc292e2f49a599,SPACE_213272722392101
63b11498a4cc292e2f49a59a,SPACE_213910922396881
5ef19b249e282010f8a420d3,SPACE_213272721504871
5ef1b7549e282010f8a4230c,SPACE_213272721497131
5ef1b7549e282010f8a4230d,SPACE_213272721497161
5ef1b7549e282010f8a4230e,SPACE_213272721497121
5ef1b7549e282010f8a4230f,SPACE_213272721497151
5ef1b7549e282010f8a42310,SPACE_213272721497181
5ef1b7549e282010f8a42313,SPACE_213272721497101
5ef1b7549e282010f8a42314,SPACE_213272721497141
5ef1b7549e282010f8a42315,SPACE_213272721497171
5ef1b7549e282010f8a42316,SPACE_213272721497201
5ef1d3c79e282010f8a425ba,SPACE_213272721497091
5ef1d3c79e282010f8a425bb,SPACE_213272721497191
635f40fba4cc292e2f437d15,SPACE_213910922392091
635f40fba4cc292e2f437d16,SPACE_213910922400801
63617409a4cc292e2f43a741,SPACE_213272722287671
63617409a4cc292e2f43a742,SPACE_21327271316721
63617409a4cc292e2f43a745,SPACE_213272722284611
63617409a4cc292e2f43a746,SPACE_213272722284591
636433eba4cc292e2f43de6c,SPACE_213272722396891
63653149a4cc292e2f43f16b,SPACE_213272722415571
63656997a4cc292e2f43f959,SPACE_213272722313911
63656997a4cc292e2f43f95a,SPACE_213272722313921
63656997a4cc292e2f43f95b,SPACE_213272722392071
6365a1e6a4cc292e2f43ff90,SPACE_213910922396901
6365a1e6a4cc292e2f43ff91,SPACE_213272722400821
6365a1e6a4cc292e2f43ff92,SPACE_213910922313821
6365a1e6a4cc292e2f43ff96,SPACE_213910922313831
6365a1e6a4cc292e2f43ff97,SPACE_213910922314081
6365da39a4cc292e2f4403cc,SPACE_213272722391981
6365da39a4cc292e2f4403cd,SPACE_213272721115921
6365da39a4cc292e2f4403ce,SPACE_213272722284601
6365da39a4cc292e2f4403cf,SPACE_213272722313861
6365da39a4cc292e2f4403d0,SPACE_213280122287651
636942fea4cc292e2f443891,SPACE_213272722313851
636942fea4cc292e2f443892,SPACE_213272722400811
638846eaa4cc292e2f467717,SPACE_213272722313871
5ee00d519e282010f8a1cefe,TNT_216220421554511
5ee00d519e282010f8a1cf35,TNT_216220421558651
5ef146489e282010f8a40dd2,SPACE_213280121496631
5ef19b249e282010f8a420ba,SPACE_213272721504851
5ef19b249e282010f8a420c4,SPACE_213272721504861
5f923b4a9e282010f8b77245,SPACE_213280121554361
5feeafcf9e282010f8c395d2,TNT_216220421526621
62bf1bff149e1cced8c1c11d,SPACE_213272722287661
62bfe114149e1cced8c1d1c0,SPACE_213272722287691
62d6f9c8149e1cced8c47de9,SPACE_213272722287641
63117bd9149e1cced8ca1b75,SPACE_213272722313881
631a484b149e1cced8cadf9b,SPACE_213910922313891
632975b3149e1cced8cc14f7,SPACE_213910922313881
63325e54149e1cced8ccdf16,SPACE_213910921203281
63325e54149e1cced8ccdf17,SPACE_213910922313811
63325e54149e1cced8ccdf18,SPACE_213272722392011
63325e54149e1cced8ccdf19,SPACE_213910922391971
63325e54149e1cced8ccdf1e,SPACE_213910922392301
63325e54149e1cced8ccdf21,SPACE_213272721176081
634734aca4cc292e2f41768d,SPACE_213272722391991
6348bed0a4cc292e2f419dfe,SPACE_213910922396911
635f40fba4cc292e2f437d14,SPACE_213910922332731
6617768f73fec95dc8dc7d69,NOAUTO-XPPK0000000002073253
6617768f73fec95dc8dc7d6a,NOAUTO-XPPK0000000002483734
6617930273fec95dc8dc7fd9,NOAUTO-XPPK0000000003391400
6617930273fec95dc8dc7fda,NOAUTO-XPPK0000000003391402
6617930273fec95dc8dc7fdb,NOAUTO-XPPK0000000003397721
6617930273fec95dc8dc7fdc,NOAUTO-XPPK0000000003397727
6617930273fec95dc8dc7fdd,NOAUTO-XPPK0000000003397728
6617930273fec95dc8dc7fde,NOAUTO-XPPK0000000003397729
6617930273fec95dc8dc7fdf,NOAUTO-XPPK0000000003397730
6618918d73fec95dc8dc8e9e,NOAUTO-XPPK0000000003399796
66333c9a73fec95dc8dd29c9,NOAUTO-XPPK0000000003410274
66333c9a73fec95dc8dd29ca,NOAUTO-XPPK0000000003415425
663c71fe73fec95dc8dd54e9,NOAUTO-XPPK0000000003425445
6645aa8b73fec95dc8dd8532,NOAUTO-XPPK0000000003425460
6645aa8b73fec95dc8dd8534,NOAUTO-XPPK0000000003425456
6648592e73fec95dc8dd98a9,NOAUTO-XPPK0000000003434017
664ee4da73fec95dc8ddc06f,NOAUTO-XPPK0000000003423411
665041ba73fec95dc8ddcb0f,NOAUTO-XPPK0000000003440009
6651969573fec95dc8ddd112,NOAUTO-XPPK0000000003469544
665821a173fec95dc8ddee41,NOAUTO-XPPK0000000003449116
665821a173fec95dc8ddee42,NOAUTO-XPPK0000000003449117
666104f073fec95dc8de19bb,NOAUTO-XPPK0000000003437294
66615a0373fec95dc8de1b48,NOAUTO-XPPK0000000003450872
66615a0373fec95dc8de1b49,NOAUTO-XPPK0000000003450871
6677a65173fec95dc8df01ea,NOAUTO-XPPK0000000003484568
6698b8d073fec95dc8dfee3f,NOAUTO-XPPK0000000003539924
66a73f7d73fec95dc8e03e81,NOAUTO-XPPK0000000003487970
66b0912673fec95dc8e0fa12,NOAUTO-XPPK0000000003526744
66e3e14e73fec95dc8e2b3bf,NOAUTO-XPPK0000000003577135
66e3e14e73fec95dc8e2b3c0,NOAUTO-XPPK0000000003552125
66e3e14e73fec95dc8e2b3c1,NOAUTO-XPPK0000000003562948
66e3e14e73fec95dc8e2b3c2,NOAUTO-XPPK0000000003577134
66e3e14e73fec95dc8e2b3c3,NOAUTO-XPPK0000000003559426
66e3e14e73fec95dc8e2b3c4,NOAUTO-XPPK0000000003577133
66e3e14e73fec95dc8e2b3c5,NOAUTO-XPPK0000000003577137
66e3e14e73fec95dc8e2b3c6,NOAUTO-XPPK0000000003577139
66e6885973fec95dc8e2bfa5,NOAUTO-XPPK0000000003593261
66ea11af73fec95dc8e2dd74,NOAUTO-XPPK0000000003586781
66ea11af73fec95dc8e2dd75,NOAUTO-XPPK0000000003586180
66eb49a073fec95dc8e2ea46,NOAUTO-XPPK0000000003552120
66eb49a073fec95dc8e2ea47,NOAUTO-XPPK0000000003577136
66f6597973fec95dc8e328ca,NOAUTO-XPPK0000000003576051
66f6597973fec95dc8e328cb,NOAUTO-XPPK0000000003576052
66f6597973fec95dc8e328cc,NOAUTO-XPPK0000000003575915
66f6597973fec95dc8e328cd,NOAUTO-XPPK0000000003572304
66f6597973fec95dc8e328ce,NOAUTO-XPPK0000000003593015
66f6597973fec95dc8e328cf,NOAUTO-XPPK0000000003583666
66f6597973fec95dc8e328d0,NOAUTO-XPPK0000000003577138
66f6597973fec95dc8e328d1,NOAUTO-XPPK0000000003575920
66fba8f073fec95dc8e356c5,NOAUTO-XPPK0000000003607746
66fcfcbf73fec95dc8e371d0,NOAUTO-XPPK0000000003593576
66fe1ab673fec95dc8e37e5b,NOAUTO-XPPK0000000003584295
66fe372873fec95dc8e37f03,NOAUTO-XPPK0000000003597962
66ff8b4773fec95dc8e38798,NOAUTO-XPPK0000000003615985
670a28d473fec95dc8e3dea6,NOAUTO-XPPK0000000003598651
6710ae5d73fec95dc8e3fe71,NOAUTO-XPPK0000000003615749
673057c073fec95dc8e48951,NOAUTO-XPPK0000000003618596
6732f88a73fec95dc8e4922b,NOAUTO-XPPK0000000003652809
6735a19f73fec95dc8e4a337,NOAUTO-XPPK0000000003674751
673ed82d73fec95dc8e4de11,NOAUTO-XPPK0000000003610820
674c14de73fec95dc8e528df,NOAUTO-XPPK0000000003668407
674d68c273fec95dc8e52ee4,NOAUTO-XPPK0000000003685945
675148f473fec95dc8e576af,NOAUTO-XPPK0000000003660920
633b30d4a4cc292e2f406e64,NOAUTO-XPPK0000000002549252
633d1682a4cc292e2f40a2e9,NOAUTO-XPPK0000000002555640
63506af2a4cc292e2f422dc5,NOAUTO-XPPK0000000002598895
63659d25a4cc292e2f43fe98,NOAUTO-XPPK0000000002624319
637430fda4cc292e2f450e29,NOAUTO-XPPK0000000002651298
638a9a29a4cc292e2f46a37e,NOAUTO-XPPK0000000002676776
639d0d85a4cc292e2f484672,NOAUTO-XPPK0000000002690340
63bf94e7a4cc292e2f4ae571,NOAUTO-XPPK0000000002722805
63cb2287a4cc292e2f4bc0e9,NOAUTO-XPPK0000000002736332
63fe995ca4cc292e2f50e154,NOAUTO-XPPK0000000002817768
63fed1e6a4cc292e2f50e7db,NOAUTO-XPPK0000000002817820
63fed1e6a4cc292e2f50e7e0,NOAUTO-XPPK0000000002818267
640d82e8a4cc292e2f523f69,NOAUTO-XPPK0000000002840238
644af0f73b08e72840d29934,NOAUTO-XPPK0000000002922180
645312993b08e72840d31c89,NOAUTO-XPPK0000000002928633
645312993b08e72840d31c8a,NOAUTO-XPPK0000000002928634
6455bd773b08e72840d37b53,NOAUTO-XPPK0000000002931375
6455bd773b08e72840d37b54,NOAUTO-XPPK0000000002931377
6455bd773b08e72840d37b56,NOAUTO-XPPK0000000002931379
645d4f9f3b08e72840d42bfd,NOAUTO-XPPK0000000002939291
645fdd103b08e72840d45be8,NOAUTO-XPPK0000000002941555
6477a6aa3b08e72840d698f0,NOAUTO-XPPK0000000002969062
647d647d3b08e72840d7058a,NOAUTO-XPPK0000000002974475
649cdab03b08e72840d9a38c,NOAUTO-XPPK0000000002992075
649cdab03b08e72840d9a38d,NOAUTO-XPPK0000000002993952
649cdab03b08e72840d9a38e,NOAUTO-XPPK0000000002993953
649f819b3b08e72840d9e2bb,NOAUTO-XPPK0000000003016367
649f819b3b08e72840d9e2bc,NOAUTO-XPPK0000000003016368
649f819b3b08e72840d9e2bd,NOAUTO-XPPK0000000003016369
649f819b3b08e72840d9e2be,NOAUTO-XPPK0000000003016370
649f819b3b08e72840d9e2bf,NOAUTO-XPPK0000000003016371
649f819b3b08e72840d9e2c1,NOAUTO-XPPK0000000003016186
64a607843b08e72840da7a21,NOAUTO-XPPK0000000003016372
64af9ba33b08e72840db3ab7,NOAUTO-XPPK0000000003028697
64b348803b08e72840db7c70,NOAUTO-XPPK0000000003028721
64db23683b08e72840de77a8,NOAUTO-XPPK0000000003085307
64dc67213b08e72840de93ab,NOAUTO-XPPK0000000003075843
65337d3d73fec95dc8cf1083,NOAUTO-XPPK0000000003183704
6538af9873fec95dc8cf64a7,NOAUTO-XPPK0000000003191619
653b649173fec95dc8cf97f9,NOAUTO-XPPK0000000003191627
6541ebb773fec95dc8d007ed,NOAUTO-XPPK0000000003202525
65449f1373fec95dc8d03a49,NOAUTO-XPPK0000000003208907
654746b573fec95dc8d06593,NOAUTO-XPPK0000000003212650
6552e3b873fec95dc8d1404f,NOAUTO-XPPK0000000003221379
6559c07673fec95dc8d1d1e0,NOAUTO-XPPK0000000003228965
655ef30d73fec95dc8d23d0f,NOAUTO-XPPK0000000003226150
656595b973fec95dc8d2bc09,NOAUTO-XPPK0000000003226157
65683d3d73fec95dc8d2f702,NOAUTO-XPPK0000000003228943
656a574173fec95dc8d326e6,NOAUTO-XPPK0000000003242227
656c1c6d73fec95dc8d34607,NOAUTO-XPPK0000000003236276
6570c1cb73fec95dc8d3c4fc,NOAUTO-XPPK0000000003247386
657d427173fec95dc8d4c976,NOAUTO-XPPK0000000003251138
6584c90f73fec95dc8d567b4,NOAUTO-XPPK0000000003271396
659e3b9673fec95dc8d734d0,NOAUTO-XPPK0000000003277662
65a7865a73fec95dc8d7cf81,NOAUTO-XPPK0000000003275550
65bf32e873fec95dc8d97200,NOAUTO-XPPK0000000003294520
65deda0173fec95dc8daf6ce,NOAUTO-XPPK0000000003343019
65e1725773fec95dc8db0f22,NOAUTO-XPPK0000000003343096
65e2ff0973fec95dc8db18f3,NOAUTO-XPPK0000000003350644
65e2ff0973fec95dc8db18f4,NOAUTO-XPPK0000000003350637
65e2ff0973fec95dc8db18f5,NOAUTO-XPPK0000000003350638
65e2ff0973fec95dc8db18f6,NOAUTO-XPPK0000000003350642
65e9689f73fec95dc8db4278,NOAUTO-XPPK0000000003350910
65e9689f73fec95dc8db4279,NOAUTO-XPPK0000000003350911
65e9689f73fec95dc8db427a,NOAUTO-XPPK0000000003350908
65e9689f73fec95dc8db427b,NOAUTO-XPPK0000000003350923
65e9689f73fec95dc8db427c,NOAUTO-XPPK0000000003350924
65f2a32173fec95dc8db7d94,NOAUTO-XPPK0000000003362184
65f2a32173fec95dc8db7d95,NOAUTO-XPPK0000000003362174
65f2a32173fec95dc8db7d96,NOAUTO-XPPK0000000003362175
65f2a32173fec95dc8db7d97,NOAUTO-XPPK0000000003362176
660518d073fec95dc8dbee95,NOAUTO-XPPK0000000003363811
660e470973fec95dc8dc1d70,NOAUTO-XPPK0000000003391383
660e470973fec95dc8dc1d71,NOAUTO-XPPK0000000003391384
660e470973fec95dc8dc1d72,NOAUTO-XPPK0000000003391385
660e470973fec95dc8dc1d73,NOAUTO-XPPK0000000003391394
660e470973fec95dc8dc1d74,NOAUTO-XPPK0000000003391382
625f097c149e1cced8b7ec3b,NOAUTO-XPPK0000000001986414
625f097c149e1cced8b7ec72,NOAUTO-XPPK0000000001920394
625f097c149e1cced8b7ec8a,NOAUTO-XPPK0000000001863809
625f097c149e1cced8b7ec8c,NOAUTO-XPPK0000000001863810
625f097c149e1cced8b7ec8e,NOAUTO-XPPK0000000001863811
625f097c149e1cced8b7ec90,NOAUTO-XPPK0000000001863812
625f097c149e1cced8b7ec92,NOAUTO-XPPK0000000001863814
625f097c149e1cced8b7ec94,NOAUTO-XPPK0000000001863815
625f097c149e1cced8b7ec99,NOAUTO-XPPK0000000001863816
625f097c149e1cced8b7ec9b,NOAUTO-XPPK0000000001863817
625f097c149e1cced8b7eca5,NOAUTO-XPPK0000000001863823
625f097c149e1cced8b7eca6,NOAUTO-XPPK0000000001863824
625f097c149e1cced8b7eca8,NOAUTO-XPPK0000000001863813
625f097c149e1cced8b7ecaa,NOAUTO-XPPK0000000001863825
625f097c149e1cced8b7ecac,NOAUTO-XPPK0000000001863826
625f097c149e1cced8b7ecaf,NOAUTO-XPPK0000000001984750
625f097c149e1cced8b7ecb3,NOAUTO-XPPK0000000002091072
625f097c149e1cced8b7ecb5,NOAUTO-XPPK0000000002130666
625f097c149e1cced8b7ecb6,NOAUTO-XPPK0000000002154087
625f097c149e1cced8b7ecb9,NOAUTO-XPPK0000000002154088
625f097c149e1cced8b7ecbb,NOAUTO-XPPK0000000002154089
625f097c149e1cced8b7ecbd,NOAUTO-XPPK0000000002154090
625f097c149e1cced8b7ecbe,NOAUTO-XPPK0000000002159448
625f097c149e1cced8b7ecc0,NOAUTO-XPPK0000000002159449
625f097c149e1cced8b7ecc2,NOAUTO-XPPK0000000002279499
625f097c149e1cced8b7ecc3,NOAUTO-XPPK0000000002279500
625f097c149e1cced8b7ecdc,NOAUTO-XPPK0000000001778605
625f097c149e1cced8b7ecde,NOAUTO-XPPK0000000001778606
625f097c149e1cced8b7ece0,NOAUTO-XPPK0000000001778607
625f097c149e1cced8b7ece2,NOAUTO-XPPK0000000001778608
625f097c149e1cced8b7ece3,NOAUTO-XPPK0000000001778609
625f097c149e1cced8b7ece5,NOAUTO-XPPK0000000001778610
625f097c149e1cced8b7ece7,NOAUTO-XPPK0000000001778611
625f097c149e1cced8b7ece9,NOAUTO-XPPK0000000001778612
625f097c149e1cced8b7ecea,NOAUTO-XPPK0000000001778613
625f097c149e1cced8b7ecee,NOAUTO-XPPK0000000001778615
625f097d149e1cced8b7ef68,NOAUTO-XPPK0000000002167716
625f097d149e1cced8b7efac,NOAUTO-XPPK0000000002225232
6269eb3a149e1cced8b9586d,NOAUTO-XPPK0000000002304260
6271bf11149e1cced8ba0db5,NOAUTO-XPPK0000000002315527
627b1f71149e1cced8bb3048,NOAUTO-XPPK0000000002326343
627c55fc149e1cced8bb8b75,NOAUTO-XPPK0000000002329106
627ec31f149e1cced8bbbf30,NOAUTO-XPPK0000000002311679
627edf60149e1cced8bbc2c9,NOAUTO-XPPK0000000002333536
62967869149e1cced8be0235,NOAUTO-XPPK0000000002353841
62a12782149e1cced8bf0ebc,NOAUTO-XPPK0000000002362150
62ae46d9149e1cced8c0325c,NOAUTO-XPPK0000000002374921
62cdb6bd149e1cced8c3af2f,NOAUTO-XPPK0000000002412091
62cf4252149e1cced8c3d58e,NOAUTO-XPPK0000000002408119
62cf7ae2149e1cced8c3df26,NOAUTO-XPPK0000000002413524
62d0790c149e1cced8c3f4f9,NOAUTO-XPPK0000000002407114
62df4251149e1cced8c53ecf,NOAUTO-XPPK0000000002437244
62f2ae16149e1cced8c6ffb5,NOAUTO-XPPK0000000002452811
63068b82149e1cced8c8a1c1,NOAUTO-XPPK0000000002468028
63291847149e1cced8cc0dff,NOAUTO-XPPK0000000002502724
625f097c149e1cced8b7e252,NOAUTO-XPPK0000000001824873
625f097c149e1cced8b7e253,NOAUTO-XPPK0000000001824874
625f097c149e1cced8b7e254,NOAUTO-XPPK0000000001824875
625f097c149e1cced8b7e255,NOAUTO-XPPK0000000001824876
625f097c149e1cced8b7e25d,NOAUTO-XPPK0000000001809762
625f097c149e1cced8b7e25f,NOAUTO-XPPK0000000002065140
625f097c149e1cced8b7e261,NOAUTO-XPPK0000000002110751
625f097c149e1cced8b7e263,NOAUTO-XPPK0000000002154074
625f097c149e1cced8b7e264,NOAUTO-XPPK0000000002154075
625f097c149e1cced8b7e268,NOAUTO-XPPK0000000002274573
625f097c149e1cced8b7e2dd,NOAUTO-XPPK0000000002132264
625f097c149e1cced8b7e2e0,NOAUTO-XPPK0000000002151622
